date,count
2005-01-24,1
2005-01-26,3
2005-03-09,1
2005-04-13,1
2005-04-15,1
2005-04-27,2
2005-04-28,2
2005-05-04,1
2005-05-12,2
2005-05-23,1
2005-05-24,1
2005-06-07,1
2005-06-11,1
2005-06-21,1
2005-06-23,1
2005-07-12,1
2005-07-13,1
2005-07-21,1
2005-07-22,4
2005-07-31,1
2005-08-04,1
2005-08-19,1
2005-08-24,1
2005-08-27,2
2005-08-28,2
2005-08-29,1
2005-09-02,2
2005-09-12,1
2005-09-23,1
2005-10-06,2
2005-10-07,2
2005-10-10,1
2005-10-11,3
2005-10-12,1
2005-10-13,1
2005-10-14,6
2005-10-15,3
2005-10-23,1
2005-10-27,1
2005-10-28,2
2005-11-02,1
2005-11-03,4
2005-11-11,1
2005-11-14,1
2005-11-17,3
2005-11-18,4
2005-11-19,2
2005-11-22,1
2005-11-23,1
2005-11-25,6
2005-11-26,2
2005-11-28,1
2005-11-29,2
2005-12-02,11
2005-12-06,3
2005-12-07,1
2005-12-08,1
2005-12-09,2
2005-12-10,1
2005-12-12,1
2005-12-22,1
2005-12-23,1
2005-12-25,5
2005-12-26,1
2005-12-28,1
2005-12-29,3
2006-01-01,2
2006-01-02,3
2006-01-03,1
2006-01-07,6
2006-01-08,2
2006-01-09,14
2006-01-10,30
2006-01-11,4
2006-01-12,1
2006-01-13,1
2006-01-19,1
2006-01-20,5
2006-01-21,2
2006-01-22,5
2006-01-24,3
2006-01-25,1
2006-01-26,6
2006-01-28,2
2006-01-30,1
2006-01-31,4
2006-02-02,2
2006-02-04,9
2006-02-05,3
2006-02-06,7
2006-02-07,1
2006-02-08,2
2006-02-09,1
2006-02-11,1
2006-02-12,1
2006-02-14,1
2006-02-16,4
2006-02-18,1
2006-02-19,9
2006-02-20,2
2006-02-21,6
2006-02-23,1
2006-02-24,1
2006-02-27,3
2006-02-28,11
2006-03-01,3
2006-03-02,1
2006-03-06,5
2006-03-07,4
2006-03-08,16
2006-03-09,1
2006-03-10,3
2006-03-11,1
2006-03-13,2
2006-03-14,1
2006-03-15,4
2006-03-18,1
2006-03-19,1
2006-03-20,1
2006-03-21,5
2006-03-22,2
2006-03-23,1
2006-03-24,1
2006-03-25,1
2006-03-27,7
2006-03-28,1
2006-03-29,1
2006-03-30,2
2006-03-31,2
2006-04-02,3
2006-04-03,2
2006-04-04,4
2006-04-05,3
2006-04-07,3
2006-04-08,1
2006-04-09,6
2006-04-10,1
2006-04-11,10
2006-04-14,3
2006-04-16,5
2006-04-17,3
2006-04-18,1
2006-04-19,3
2006-04-20,5
2006-04-21,3
2006-04-22,7
2006-04-23,2
2006-04-24,4
2006-04-25,7
2006-04-26,2
2006-04-27,7
2006-04-28,1
2006-05-01,1
2006-05-02,1
2006-05-04,4
2006-05-07,2
2006-05-08,3
2006-05-09,2
2006-05-10,1
2006-05-11,4
2006-05-12,1
2006-05-16,3
2006-05-17,5
2006-05-18,7
2006-05-19,2
2006-05-20,1
2006-05-21,1
2006-05-22,2
2006-05-25,1
2006-05-27,2
2006-05-29,2
2006-05-30,7
2006-05-31,2
2006-06-01,5
2006-06-05,2
2006-06-06,2
2006-06-07,2
2006-06-08,1
2006-06-11,1
2006-06-12,2
2006-06-13,3
2006-06-14,3
2006-06-15,1
2006-06-16,1
2006-06-19,2
2006-06-20,1
2006-06-21,4
2006-06-22,2
2006-06-23,4
2006-06-25,2
2006-06-27,2
2006-06-28,4
2006-06-29,3
2006-06-30,7
2006-07-02,2
2006-07-03,3
2006-07-04,4
2006-07-05,1
2006-07-06,7
2006-07-07,12
2006-07-08,5
2006-07-09,1
2006-07-10,4
2006-07-11,2
2006-07-12,3
2006-07-13,4
2006-07-15,2
2006-07-17,1
2006-07-18,1
2006-07-19,5
2006-07-20,5
2006-07-21,1
2006-07-23,1
2006-07-24,8
2006-07-25,9
2006-07-26,11
2006-07-27,3
2006-07-28,4
2006-07-30,4
2006-07-31,7
2006-08-01,1
2006-08-02,3
2006-08-03,3
2006-08-05,3
2006-08-06,1
2006-08-07,5
2006-08-08,7
2006-08-09,3
2006-08-10,1
2006-08-11,4
2006-08-12,2
2006-08-13,1
2006-08-14,2
2006-08-15,7
2006-08-16,8
2006-08-17,5
2006-08-18,12
2006-08-19,1
2006-08-20,1
2006-08-21,5
2006-08-22,1
2006-08-23,5
2006-08-24,4
2006-08-25,4
2006-08-26,1
2006-08-27,3
2006-08-28,9
2006-08-29,3
2006-08-30,9
2006-08-31,5
2006-09-01,5
2006-09-02,8
2006-09-03,4
2006-09-04,4
2006-09-05,8
2006-09-06,3
2006-09-07,4
2006-09-08,3
2006-09-09,1
2006-09-10,2
2006-09-11,9
2006-09-12,7
2006-09-13,18
2006-09-14,5
2006-09-15,9
2006-09-16,3
2006-09-17,6
2006-09-18,1
2006-09-19,11
2006-09-20,3
2006-09-21,1
2006-09-22,5
2006-09-23,3
2006-09-24,4
2006-09-25,2
2006-09-26,9
2006-09-27,1
2006-09-28,3
2006-09-29,3
2006-09-30,5
2006-10-01,5
2006-10-02,11
2006-10-03,1
2006-10-04,1
2006-10-06,7
2006-10-07,7
2006-10-08,9
2006-10-09,1
2006-10-10,7
2006-10-11,2
2006-10-12,3
2006-10-14,1
2006-10-16,2
2006-10-17,9
2006-10-18,5
2006-10-19,1
2006-10-20,4
2006-10-23,5
2006-10-24,2
2006-10-25,9
2006-10-26,2
2006-10-27,1
2006-10-28,7
2006-10-29,1
2006-10-30,2
2006-10-31,4
2006-11-01,5
2006-11-02,2
2006-11-03,3
2006-11-04,5
2006-11-05,4
2006-11-06,6
2006-11-07,1
2006-11-08,3
2006-11-09,5
2006-11-10,2
2006-11-13,6
2006-11-14,3
2006-11-15,12
2006-11-16,7
2006-11-17,3
2006-11-18,4
2006-11-19,2
2006-11-20,2
2006-11-21,4
2006-11-22,3
2006-11-23,3
2006-11-24,3
2006-11-25,1
2006-11-26,2
2006-11-27,9
2006-11-28,11
2006-11-29,3
2006-11-30,8
2006-12-01,4
2006-12-02,4
2006-12-03,3
2006-12-04,6
2006-12-05,8
2006-12-06,9
2006-12-07,5
2006-12-08,14
2006-12-09,2
2006-12-10,1
2006-12-11,7
2006-12-12,7
2006-12-13,3
2006-12-14,6
2006-12-15,8
2006-12-17,2
2006-12-19,8
2006-12-20,6
2006-12-21,8
2006-12-22,4
2006-12-23,5
2006-12-24,2
2006-12-25,3
2006-12-26,7
2006-12-27,3
2006-12-28,2
2006-12-29,4
2006-12-30,7
2006-12-31,2
2007-01-01,7
2007-01-02,9
2007-01-03,11
2007-01-04,11
2007-01-05,12
2007-01-06,5
2007-01-07,11
2007-01-08,12
2007-01-09,7
2007-01-10,10
2007-01-11,10
2007-01-12,11
2007-01-13,3
2007-01-14,7
2007-01-15,11
2007-01-16,5
2007-01-17,7
2007-01-18,8
2007-01-19,11
2007-01-20,11
2007-01-21,15
2007-01-22,15
2007-01-23,10
2007-01-24,17
2007-01-25,19
2007-01-26,7
2007-01-27,13
2007-01-28,13
2007-01-29,10
2007-01-30,19
2007-01-31,9
2007-02-01,8
2007-02-02,9
2007-02-03,12
2007-02-04,5
2007-02-05,5
2007-02-06,12
2007-02-07,20
2007-02-08,10
2007-02-09,6
2007-02-10,7
2007-02-11,5
2007-02-12,16
2007-02-13,9
2007-02-14,13
2007-02-15,14
2007-02-16,10
2007-02-17,3
2007-02-18,10
2007-02-19,11
2007-02-20,8
2007-02-21,2
2007-02-22,23
2007-02-23,21
2007-02-24,9
2007-02-25,5
2007-02-26,16
2007-02-27,21
2007-02-28,10
2007-03-01,15
2007-03-02,15
2007-03-03,6
2007-03-04,7
2007-03-05,19
2007-03-06,11
2007-03-07,6
2007-03-08,17
2007-03-09,9
2007-03-10,8
2007-03-11,5
2007-03-12,9
2007-03-13,12
2007-03-14,11
2007-03-15,22
2007-03-16,6
2007-03-17,9
2007-03-18,13
2007-03-19,13
2007-03-20,12
2007-03-21,20
2007-03-22,10
2007-03-23,11
2007-03-24,7
2007-03-25,8
2007-03-26,6
2007-03-27,8
2007-03-28,19
2007-03-29,21
2007-03-30,16
2007-03-31,9
2007-04-01,6
2007-04-02,18
2007-04-03,13
2007-04-04,24
2007-04-05,18
2007-04-06,3
2007-04-07,5
2007-04-08,6
2007-04-09,23
2007-04-10,12
2007-04-11,16
2007-04-12,18
2007-04-13,8
2007-04-14,5
2007-04-15,4
2007-04-16,11
2007-04-17,16
2007-04-18,12
2007-04-19,7
2007-04-21,3
2007-04-22,10
2007-04-23,15
2007-04-24,13
2007-04-25,17
2007-04-26,11
2007-04-27,8
2007-04-28,4
2007-04-29,5
2007-04-30,17
2007-05-01,8
2007-05-02,14
2007-05-03,11
2007-05-04,6
2007-05-05,6
2007-05-06,2
2007-05-07,9
2007-05-08,15
2007-05-09,22
2007-05-10,16
2007-05-11,14
2007-05-12,9
2007-05-13,9
2007-05-14,14
2007-05-15,12
2007-05-16,8
2007-05-17,10
2007-05-18,12
2007-05-19,6
2007-05-20,10
2007-05-21,8
2007-05-22,11
2007-05-23,10
2007-05-24,12
2007-05-25,10
2007-05-26,12
2007-05-27,9
2007-05-28,7
2007-05-29,19
2007-05-30,22
2007-05-31,16
2007-06-01,23
2007-06-02,8
2007-06-03,13
2007-06-04,18
2007-06-05,11
2007-06-06,3
2007-06-07,7
2007-06-08,15
2007-06-09,7
2007-06-10,6
2007-06-11,19
2007-06-12,21
2007-06-13,10
2007-06-14,20
2007-06-15,6
2007-06-16,11
2007-06-17,14
2007-06-18,34
2007-06-19,29
2007-06-20,19
2007-06-21,43
2007-06-22,25
2007-06-23,20
2007-06-24,14
2007-06-25,22
2007-06-26,13
2007-06-27,22
2007-06-28,23
2007-06-29,11
2007-06-30,7
2007-07-01,8
2007-07-02,10
2007-07-03,16
2007-07-04,16
2007-07-05,11
2007-07-06,16
2007-07-07,11
2007-07-08,19
2007-07-09,11
2007-07-10,29
2007-07-11,29
2007-07-12,15
2007-07-13,11
2007-07-14,13
2007-07-15,19
2007-07-16,31
2007-07-17,13
2007-07-18,21
2007-07-19,16
2007-07-20,8
2007-07-21,8
2007-07-22,4
2007-07-23,8
2007-07-24,19
2007-07-25,15
2007-07-26,20
2007-07-27,21
2007-07-28,11
2007-07-29,6
2007-07-30,21
2007-07-31,16
2007-08-01,19
2007-08-02,12
2007-08-03,8
2007-08-04,13
2007-08-05,17
2007-08-06,27
2007-08-07,15
2007-08-08,21
2007-08-09,21
2007-08-10,19
2007-08-11,16
2007-08-12,12
2007-08-13,19
2007-08-14,14
2007-08-15,20
2007-08-16,8
2007-08-17,12
2007-08-18,13
2007-08-19,11
2007-08-20,21
2007-08-21,28
2007-08-22,24
2007-08-23,19
2007-08-24,17
2007-08-25,8
2007-08-26,6
2007-08-27,25
2007-08-28,17
2007-08-29,25
2007-08-30,24
2007-08-31,14
2007-09-01,11
2007-09-02,10
2007-09-03,9
2007-09-04,29
2007-09-05,31
2007-09-06,12
2007-09-07,12
2007-09-08,10
2007-09-09,10
2007-09-10,25
2007-09-11,19
2007-09-12,22
2007-09-13,16
2007-09-14,13
2007-09-15,6
2007-09-16,11
2007-09-17,13
2007-09-18,14
2007-09-19,21
2007-09-20,17
2007-09-21,8
2007-09-22,9
2007-09-23,10
2007-09-24,22
2007-09-25,17
2007-09-26,18
2007-09-27,17
2007-09-28,27
2007-09-29,12
2007-09-30,10
2007-10-01,21
2007-10-02,19
2007-10-03,38
2007-10-04,10
2007-10-05,6
2007-10-06,18
2007-10-07,9
2007-10-08,24
2007-10-09,21
2007-10-10,14
2007-10-11,24
2007-10-12,15
2007-10-13,10
2007-10-14,17
2007-10-15,12
2007-10-16,19
2007-10-17,16
2007-10-18,8
2007-10-19,12
2007-10-20,7
2007-10-21,11
2007-10-22,18
2007-10-23,16
2007-10-24,26
2007-10-25,12
2007-10-26,16
2007-10-27,13
2007-10-28,15
2007-10-29,10
2007-10-30,22
2007-10-31,26
2007-11-01,6
2007-11-02,19
2007-11-03,16
2007-11-04,19
2007-11-05,21
2007-11-06,15
2007-11-07,21
2007-11-08,16
2007-11-09,39
2007-11-10,11
2007-11-11,11
2007-11-12,14
2007-11-13,15
2007-11-14,11
2007-11-15,9
2007-11-16,14
2007-11-17,13
2007-11-18,12
2007-11-19,15
2007-11-20,30
2007-11-21,17
2007-11-22,18
2007-11-23,11
2007-11-24,14
2007-11-25,10
2007-11-26,22
2007-11-27,12
2007-11-28,17
2007-11-29,11
2007-11-30,13
2007-12-01,17
2007-12-02,11
2007-12-03,20
2007-12-04,28
2007-12-05,17
2007-12-06,23
2007-12-07,16
2007-12-08,12
2007-12-09,11
2007-12-10,11
2007-12-11,15
2007-12-12,14
2007-12-13,12
2007-12-14,5
2007-12-15,6
2007-12-16,5
2007-12-17,14
2007-12-18,22
2007-12-19,13
2007-12-20,21
2007-12-21,9
2007-12-22,7
2007-12-23,11
2007-12-24,9
2007-12-25,10
2007-12-26,19
2007-12-27,28
2007-12-28,35
2007-12-29,25
2007-12-30,19
2007-12-31,23
2008-01-01,17
2008-01-02,28
2008-01-03,41
2008-01-04,40
2008-01-05,16
2008-01-06,29
2008-01-07,27
2008-01-08,25
2008-01-09,27
2008-01-10,23
2008-01-11,23
2008-01-12,15
2008-01-13,30
2008-01-14,39
2008-01-15,32
2008-01-16,41
2008-01-17,27
2008-01-18,22
2008-01-19,17
2008-01-20,18
2008-01-21,39
2008-01-22,40
2008-01-23,19
2008-01-24,34
2008-01-25,19
2008-01-26,23
2008-01-27,17
2008-01-28,28
2008-01-29,24
2008-01-30,30
2008-01-31,18
2008-02-01,20
2008-02-02,14
2008-02-03,16
2008-02-04,20
2008-02-05,22
2008-02-06,21
2008-02-07,18
2008-02-08,4
2008-02-09,13
2008-02-10,13
2008-02-11,24
2008-02-12,33
2008-02-13,32
2008-02-14,18
2008-02-15,13
2008-02-16,16
2008-02-17,21
2008-02-18,22
2008-02-19,29
2008-02-20,27
2008-02-21,24
2008-02-22,19
2008-02-23,22
2008-02-24,24
2008-02-25,22
2008-02-26,33
2008-02-27,27
2008-02-28,37
2008-02-29,13
2008-03-01,24
2008-03-02,27
2008-03-03,32
2008-03-04,47
2008-03-05,37
2008-03-06,21
2008-03-07,21
2008-03-08,16
2008-03-09,14
2008-03-10,60
2008-03-11,38
2008-03-12,18
2008-03-13,22
2008-03-14,24
2008-03-15,18
2008-03-16,15
2008-03-17,19
2008-03-18,36
2008-03-19,26
2008-03-20,13
2008-03-21,21
2008-03-22,12
2008-03-23,19
2008-03-24,40
2008-03-25,34
2008-03-26,20
2008-03-27,24
2008-03-28,25
2008-03-29,29
2008-03-30,22
2008-03-31,40
2008-04-01,46
2008-04-02,33
2008-04-03,22
2008-04-04,27
2008-04-05,25
2008-04-06,14
2008-04-07,27
2008-04-08,22
2008-04-09,34
2008-04-10,28
2008-04-11,23
2008-04-12,8
2008-04-13,15
2008-04-14,20
2008-04-15,32
2008-04-16,40
2008-04-17,18
2008-04-18,21
2008-04-19,20
2008-04-20,22
2008-04-21,32
2008-04-22,40
2008-04-23,33
2008-04-24,27
2008-04-25,22
2008-04-26,19
2008-04-27,21
2008-04-28,49
2008-04-29,26
2008-04-30,32
2008-05-01,37
2008-05-02,38
2008-05-03,9
2008-05-04,11
2008-05-05,32
2008-05-06,58
2008-05-07,22
2008-05-08,22
2008-05-09,27
2008-05-10,14
2008-05-11,21
2008-05-12,30
2008-05-13,36
2008-05-14,18
2008-05-15,24
2008-05-16,29
2008-05-17,18
2008-05-18,12
2008-05-19,53
2008-05-20,37
2008-05-21,34
2008-05-22,21
2008-05-23,39
2008-05-24,29
2008-05-25,25
2008-05-26,32
2008-05-27,63
2008-05-28,49
2008-05-29,49
2008-05-30,48
2008-05-31,20
2008-06-01,28
2008-06-02,52
2008-06-03,39
2008-06-04,30
2008-06-05,29
2008-06-06,15
2008-06-07,21
2008-06-08,34
2008-06-09,37
2008-06-10,36
2008-06-11,40
2008-06-12,39
2008-06-13,36
2008-06-14,22
2008-06-15,12
2008-06-16,48
2008-06-17,63
2008-06-18,42
2008-06-19,44
2008-06-20,22
2008-06-21,18
2008-06-22,19
2008-06-23,48
2008-06-24,60
2008-06-25,28
2008-06-26,29
2008-06-27,19
2008-06-28,35
2008-06-29,33
2008-06-30,25
2008-07-01,42
2008-07-02,52
2008-07-03,43
2008-07-04,13
2008-07-05,16
2008-07-06,21
2008-07-07,39
2008-07-08,37
2008-07-09,39
2008-07-10,56
2008-07-11,34
2008-07-12,39
2008-07-13,22
2008-07-14,55
2008-07-15,48
2008-07-16,41
2008-07-17,43
2008-07-18,30
2008-07-19,27
2008-07-20,21
2008-07-21,57
2008-07-22,51
2008-07-23,40
2008-07-24,42
2008-07-25,29
2008-07-26,26
2008-07-27,21
2008-07-28,37
2008-07-29,45
2008-07-30,40
2008-07-31,49
2008-08-01,23
2008-08-02,19
2008-08-03,36
2008-08-04,37
2008-08-05,46
2008-08-06,45
2008-08-07,41
2008-08-08,20
2008-08-09,26
2008-08-10,24
2008-08-11,55
2008-08-12,39
2008-08-13,35
2008-08-14,38
2008-08-15,65
2008-08-16,20
2008-08-17,25
2008-08-18,63
2008-08-19,55
2008-08-20,49
2008-08-21,44
2008-08-22,22
2008-08-23,30
2008-08-24,25
2008-08-25,51
2008-08-26,47
2008-08-27,48
2008-08-28,34
2008-08-29,28
2008-08-30,18
2008-08-31,23
2008-09-01,32
2008-09-02,57
2008-09-03,54
2008-09-04,66
2008-09-05,44
2008-09-06,26
2008-09-07,40
2008-09-08,46
2008-09-09,33
2008-09-10,55
2008-09-11,32
2008-09-12,28
2008-09-13,28
2008-09-14,22
2008-09-15,54
2008-09-16,26
2008-09-17,43
2008-09-18,29
2008-09-19,35
2008-09-20,14
2008-09-21,25
2008-09-22,53
2008-09-23,29
2008-09-24,26
2008-09-25,37
2008-09-26,20
2008-09-27,26
2008-09-28,22
2008-09-29,38
2008-09-30,34
2008-10-01,19
2008-10-02,37
2008-10-03,24
2008-10-04,31
2008-10-05,16
2008-10-06,51
2008-10-07,47
2008-10-08,29
2008-10-09,32
2008-10-10,24
2008-10-11,16
2008-10-12,21
2008-10-13,43
2008-10-14,31
2008-10-15,30
2008-10-16,11
2008-10-17,19
2008-10-18,16
2008-10-19,17
2008-10-20,15
2008-10-21,29
2008-10-22,28
2008-10-23,36
2008-10-24,26
2008-10-25,17
2008-10-26,27
2008-10-27,51
2008-10-28,29
2008-10-29,37
2008-10-30,16
2008-10-31,28
2008-11-01,14
2008-11-02,52
2008-11-03,34
2008-11-04,26
2008-11-05,29
2008-11-06,23
2008-11-07,25
2008-11-08,26
2008-11-09,18
2008-11-10,46
2008-11-11,49
2008-11-12,35
2008-11-13,24
2008-11-14,33
2008-11-15,37
2008-11-16,21
2008-11-17,30
2008-11-18,42
2008-11-19,33
2008-11-20,34
2008-11-21,27
2008-11-22,21
2008-11-23,22
2008-11-24,36
2008-11-25,47
2008-11-26,21
2008-11-27,13
2008-11-28,17
2008-11-29,29
2008-11-30,21
2008-12-01,28
2008-12-02,47
2008-12-03,60
2008-12-04,40
2008-12-05,19
2008-12-06,20
2008-12-07,18
2008-12-08,37
2008-12-09,38
2008-12-10,30
2008-12-11,40
2008-12-12,31
2008-12-13,14
2008-12-14,18
2008-12-15,36
2008-12-16,30
2008-12-17,19
2008-12-18,18
2008-12-19,33
2008-12-20,30
2008-12-21,32
2008-12-22,43
2008-12-23,46
2008-12-24,26
2008-12-25,16
2008-12-26,30
2008-12-27,52
2008-12-28,48
2008-12-29,64
2008-12-30,68
2008-12-31,62
2009-01-01,34
2009-01-02,52
2009-01-03,38
2009-01-04,69
2009-01-05,91
2009-01-06,71
2009-01-07,64
2009-01-08,62
2009-01-09,44
2009-01-10,35
2009-01-11,39
2009-01-12,54
2009-01-13,51
2009-01-14,66
2009-01-15,48
2009-01-16,43
2009-01-17,27
2009-01-18,40
2009-01-19,36
2009-01-20,72
2009-01-21,63
2009-01-22,58
2009-01-23,50
2009-01-24,39
2009-01-25,53
2009-01-26,71
2009-01-27,101
2009-01-28,42
2009-01-29,65
2009-01-30,54
2009-01-31,44
2009-02-01,34
2009-02-02,36
2009-02-03,56
2009-02-04,49
2009-02-05,37
2009-02-06,30
2009-02-07,27
2009-02-08,26
2009-02-09,45
2009-02-10,55
2009-02-11,50
2009-02-12,61
2009-02-13,18
2009-02-14,19
2009-02-15,27
2009-02-16,72
2009-02-17,84
2009-02-18,53
2009-02-19,62
2009-02-20,43
2009-02-21,35
2009-02-22,49
2009-02-23,65
2009-02-24,78
2009-02-25,51
2009-02-26,48
2009-02-27,38
2009-02-28,19
2009-03-01,37
2009-03-02,56
2009-03-03,45
2009-03-04,41
2009-03-05,39
2009-03-06,33
2009-03-07,27
2009-03-08,41
2009-03-09,52
2009-03-10,66
2009-03-11,52
2009-03-12,41
2009-03-13,40
2009-03-14,41
2009-03-15,35
2009-03-16,68
2009-03-17,38
2009-03-18,54
2009-03-19,52
2009-03-20,33
2009-03-21,27
2009-03-22,30
2009-03-23,46
2009-03-24,54
2009-03-25,56
2009-03-26,47
2009-03-27,67
2009-03-28,43
2009-03-29,54
2009-03-30,62
2009-03-31,88
2009-04-01,67
2009-04-02,39
2009-04-03,42
2009-04-04,31
2009-04-05,31
2009-04-06,45
2009-04-07,63
2009-04-08,46
2009-04-09,57
2009-04-10,60
2009-04-11,34
2009-04-12,33
2009-04-13,69
2009-04-14,77
2009-04-15,37
2009-04-16,40
2009-04-17,51
2009-04-18,33
2009-04-19,32
2009-04-20,56
2009-04-21,49
2009-04-22,47
2009-04-23,42
2009-04-24,33
2009-04-25,11
2009-04-26,27
2009-04-27,42
2009-04-28,47
2009-04-29,67
2009-04-30,37
2009-05-01,61
2009-05-02,29
2009-05-03,48
2009-05-04,65
2009-05-05,68
2009-05-06,35
2009-05-07,34
2009-05-08,31
2009-05-09,28
2009-05-10,20
2009-05-11,54
2009-05-12,64
2009-05-13,49
2009-05-14,39
2009-05-15,41
2009-05-16,33
2009-05-17,46
2009-05-18,49
2009-05-19,62
2009-05-20,32
2009-05-21,37
2009-05-22,26
2009-05-23,24
2009-05-24,49
2009-05-25,46
2009-05-26,89
2009-05-27,66
2009-05-28,62
2009-05-29,51
2009-05-30,23
2009-05-31,28
2009-06-01,74
2009-06-02,80
2009-06-03,59
2009-06-04,49
2009-06-05,27
2009-06-06,37
2009-06-07,38
2009-06-08,55
2009-06-09,45
2009-06-10,58
2009-06-11,34
2009-06-12,36
2009-06-13,33
2009-06-14,33
2009-06-15,87
2009-06-16,57
2009-06-17,54
2009-06-18,53
2009-06-19,43
2009-06-20,45
2009-06-21,37
2009-06-22,56
2009-06-23,58
2009-06-24,53
2009-06-25,46
2009-06-26,24
2009-06-27,29
2009-06-28,26
2009-06-29,71
2009-06-30,96
2009-07-01,66
2009-07-02,45
2009-07-03,42
2009-07-04,35
2009-07-05,41
2009-07-06,62
2009-07-07,77
2009-07-08,65
2009-07-09,57
2009-07-10,35
2009-07-11,22
2009-07-12,58
2009-07-13,95
2009-07-14,75
2009-07-15,75
2009-07-16,65
2009-07-17,55
2009-07-18,26
2009-07-19,42
2009-07-20,83
2009-07-21,104
2009-07-22,76
2009-07-23,72
2009-07-24,48
2009-07-25,34
2009-07-26,25
2009-07-27,85
2009-07-28,91
2009-07-29,75
2009-07-30,64
2009-07-31,38
2009-08-01,46
2009-08-02,40
2009-08-03,71
2009-08-04,94
2009-08-05,84
2009-08-06,83
2009-08-07,51
2009-08-08,42
2009-08-09,38
2009-08-10,97
2009-08-11,74
2009-08-12,78
2009-08-13,62
2009-08-14,60
2009-08-15,15
2009-08-16,41
2009-08-17,69
2009-08-18,96
2009-08-19,86
2009-08-20,33
2009-08-21,61
2009-08-22,48
2009-08-23,39
2009-08-24,80
2009-08-25,97
2009-08-26,62
2009-08-27,84
2009-08-28,45
2009-08-29,49
2009-08-30,67
2009-08-31,70
2009-09-01,67
2009-09-02,53
2009-09-03,54
2009-09-04,50
2009-09-05,45
2009-09-06,39
2009-09-07,68
2009-09-08,83
2009-09-09,117
2009-09-10,75
2009-09-11,52
2009-09-12,34
2009-09-13,55
2009-09-14,76
2009-09-15,54
2009-09-16,50
2009-09-17,67
2009-09-18,53
2009-09-19,34
2009-09-20,48
2009-09-21,72
2009-09-22,79
2009-09-23,65
2009-09-24,54
2009-09-25,51
2009-09-26,40
2009-09-27,49
2009-09-28,56
2009-09-29,79
2009-09-30,53
2009-10-01,46
2009-10-02,47
2009-10-03,37
2009-10-04,66
2009-10-05,62
2009-10-06,76
2009-10-07,58
2009-10-08,62
2009-10-09,39
2009-10-10,35
2009-10-11,37
2009-10-12,79
2009-10-13,50
2009-10-14,82
2009-10-15,54
2009-10-16,37
2009-10-17,38
2009-10-18,34
2009-10-19,59
2009-10-20,38
2009-10-21,43
2009-10-22,47
2009-10-23,32
2009-10-24,18
2009-10-25,52
2009-10-26,48
2009-10-27,55
2009-10-28,62
2009-10-29,28
2009-10-30,43
2009-10-31,20
2009-11-01,20
2009-11-02,49
2009-11-03,54
2009-11-04,46
2009-11-05,64
2009-11-06,49
2009-11-07,24
2009-11-08,48
2009-11-09,54
2009-11-10,49
2009-11-11,51
2009-11-12,40
2009-11-13,47
2009-11-14,33
2009-11-15,59
2009-11-16,71
2009-11-17,76
2009-11-18,60
2009-11-19,71
2009-11-20,59
2009-11-21,49
2009-11-22,43
2009-11-23,86
2009-11-24,75
2009-11-25,43
2009-11-26,24
2009-11-27,19
2009-11-28,42
2009-11-29,67
2009-11-30,48
2009-12-01,52
2009-12-02,56
2009-12-03,49
2009-12-04,35
2009-12-05,27
2009-12-06,50
2009-12-07,44
2009-12-08,49
2009-12-09,54
2009-12-10,37
2009-12-11,65
2009-12-12,30
2009-12-13,42
2009-12-14,102
2009-12-15,62
2009-12-16,50
2009-12-17,55
2009-12-18,29
2009-12-19,22
2009-12-20,28
2009-12-21,58
2009-12-22,63
2009-12-23,50
2009-12-24,32
2009-12-25,30
2009-12-26,65
2009-12-27,56
2009-12-28,88
2009-12-29,122
2009-12-30,116
2009-12-31,61
2010-01-01,83
2010-01-02,90
2010-01-03,122
2010-01-04,121
2010-01-05,107
2010-01-06,93
2010-01-07,94
2010-01-08,75
2010-01-09,83
2010-01-10,79
2010-01-11,114
2010-01-12,95
2010-01-13,98
2010-01-14,84
2010-01-15,58
2010-01-16,65
2010-01-17,70
2010-01-18,117
2010-01-19,142
2010-01-20,126
2010-01-21,89
2010-01-22,97
2010-01-23,88
2010-01-24,84
2010-01-25,94
2010-01-26,104
2010-01-27,92
2010-01-28,66
2010-01-29,72
2010-01-30,56
2010-01-31,65
2010-02-01,90
2010-02-02,77
2010-02-03,63
2010-02-04,56
2010-02-05,63
2010-02-06,61
2010-02-07,77
2010-02-08,72
2010-02-09,77
2010-02-10,89
2010-02-11,72
2010-02-12,46
2010-02-13,62
2010-02-14,68
2010-02-15,95
2010-02-16,91
2010-02-17,106
2010-02-18,91
2010-02-19,77
2010-02-20,76
2010-02-21,85
2010-02-22,91
2010-02-23,97
2010-02-24,76
2010-02-25,85
2010-02-26,78
2010-02-27,48
2010-02-28,65
2010-03-01,80
2010-03-02,70
2010-03-03,66
2010-03-04,62
2010-03-05,54
2010-03-06,71
2010-03-07,84
2010-03-08,86
2010-03-09,84
2010-03-10,84
2010-03-11,74
2010-03-12,72
2010-03-13,69
2010-03-14,60
2010-03-15,126
2010-03-16,97
2010-03-17,103
2010-03-18,75
2010-03-19,72
2010-03-20,74
2010-03-21,82
2010-03-22,105
2010-03-23,84
2010-03-24,90
2010-03-25,64
2010-03-26,96
2010-03-27,59
2010-03-28,65
2010-03-29,102
2010-03-30,114
2010-03-31,119
2010-04-01,114
2010-04-02,103
2010-04-03,84
2010-04-04,73
2010-04-05,162
2010-04-06,133
2010-04-07,87
2010-04-08,87
2010-04-09,80
2010-04-10,68
2010-04-11,81
2010-04-12,86
2010-04-13,91
2010-04-14,110
2010-04-15,118
2010-04-16,67
2010-04-17,68
2010-04-18,85
2010-04-19,78
2010-04-20,97
2010-04-21,115
2010-04-22,88
2010-04-23,114
2010-04-24,65
2010-04-25,96
2010-04-26,102
2010-04-27,104
2010-04-28,114
2010-04-29,90
2010-04-30,104
2010-05-01,66
2010-05-02,75
2010-05-03,99
2010-05-04,106
2010-05-05,102
2010-05-06,100
2010-05-07,87
2010-05-08,77
2010-05-09,89
2010-05-10,103
2010-05-11,96
2010-05-12,98
2010-05-13,99
2010-05-14,78
2010-05-15,61
2010-05-16,78
2010-05-17,114
2010-05-18,100
2010-05-19,88
2010-05-20,93
2010-05-21,73
2010-05-22,38
2010-05-23,82
2010-05-24,111
2010-05-25,81
2010-05-26,92
2010-05-27,88
2010-05-28,58
2010-05-29,56
2010-05-30,37
2010-05-31,63
2010-06-01,142
2010-06-02,111
2010-06-03,93
2010-06-04,120
2010-06-05,68
2010-06-06,94
2010-06-07,83
2010-06-08,79
2010-06-09,104
2010-06-10,93
2010-06-11,85
2010-06-12,44
2010-06-13,68
2010-06-14,104
2010-06-15,100
2010-06-16,126
2010-06-17,115
2010-06-18,86
2010-06-19,70
2010-06-20,85
2010-06-21,102
2010-06-22,94
2010-06-23,108
2010-06-24,89
2010-06-25,94
2010-06-26,75
2010-06-27,94
2010-06-28,120
2010-06-29,87
2010-06-30,131
2010-07-01,117
2010-07-02,84
2010-07-03,85
2010-07-04,72
2010-07-05,78
2010-07-06,142
2010-07-07,114
2010-07-08,107
2010-07-09,101
2010-07-10,88
2010-07-11,89
2010-07-12,159
2010-07-13,133
2010-07-14,105
2010-07-15,122
2010-07-16,131
2010-07-17,79
2010-07-18,110
2010-07-19,138
2010-07-20,133
2010-07-21,143
2010-07-22,107
2010-07-23,97
2010-07-24,92
2010-07-25,92
2010-07-26,114
2010-07-27,136
2010-07-28,140
2010-07-29,131
2010-07-30,109
2010-07-31,85
2010-08-01,87
2010-08-02,135
2010-08-03,146
2010-08-04,151
2010-08-05,140
2010-08-06,132
2010-08-07,85
2010-08-08,105
2010-08-09,165
2010-08-10,174
2010-08-11,140
2010-08-12,122
2010-08-13,113
2010-08-14,90
2010-08-15,106
2010-08-16,156
2010-08-17,151
2010-08-18,200
2010-08-19,167
2010-08-20,127
2010-08-21,132
2010-08-22,115
2010-08-23,169
2010-08-24,143
2010-08-25,138
2010-08-26,156
2010-08-27,110
2010-08-28,85
2010-08-29,100
2010-08-30,156
2010-08-31,142
2010-09-01,141
2010-09-02,111
2010-09-03,86
2010-09-04,100
2010-09-05,85
2010-09-06,141
2010-09-07,126
2010-09-08,130
2010-09-09,127
2010-09-10,107
2010-09-11,98
2010-09-12,91
2010-09-13,103
2010-09-14,143
2010-09-15,126
2010-09-16,121
2010-09-17,101
2010-09-18,101
2010-09-19,95
2010-09-20,132
2010-09-21,126
2010-09-22,109
2010-09-23,78
2010-09-24,106
2010-09-25,107
2010-09-26,105
2010-09-27,111
2010-09-28,119
2010-09-29,97
2010-09-30,54
2010-10-01,89
2010-10-02,98
2010-10-03,94
2010-10-04,118
2010-10-05,106
2010-10-06,165
2010-10-07,98
2010-10-08,108
2010-10-09,69
2010-10-10,80
2010-10-11,106
2010-10-12,143
2010-10-13,114
2010-10-14,129
2010-10-15,86
2010-10-16,100
2010-10-17,96
2010-10-18,132
2010-10-19,132
2010-10-20,130
2010-10-21,83
2010-10-22,92
2010-10-23,77
2010-10-24,98
2010-10-25,125
2010-10-26,103
2010-10-27,85
2010-10-28,113
2010-10-29,65
2010-10-30,62
2010-10-31,64
2010-11-01,116
2010-11-02,126
2010-11-03,114
2010-11-04,110
2010-11-05,107
2010-11-06,98
2010-11-07,97
2010-11-08,142
2010-11-09,129
2010-11-10,188
2010-11-11,86
2010-11-12,109
2010-11-13,81
2010-11-14,98
2010-11-15,123
2010-11-16,164
2010-11-17,148
2010-11-18,105
2010-11-19,98
2010-11-20,118
2010-11-21,129
2010-11-22,136
2010-11-23,162
2010-11-24,103
2010-11-25,84
2010-11-26,52
2010-11-27,84
2010-11-28,103
2010-11-29,136
2010-11-30,165
2010-12-01,130
2010-12-02,137
2010-12-03,109
2010-12-04,91
2010-12-05,98
2010-12-06,124
2010-12-07,114
2010-12-08,121
2010-12-09,113
2010-12-10,107
2010-12-11,113
2010-12-12,75
2010-12-13,118
2010-12-14,135
2010-12-15,104
2010-12-16,98
2010-12-17,110
2010-12-18,95
2010-12-19,118
2010-12-20,130
2010-12-21,123
2010-12-22,118
2010-12-23,125
2010-12-24,113
2010-12-25,95
2010-12-26,102
2010-12-27,168
2010-12-28,160
2010-12-29,170
2010-12-30,165
2010-12-31,171
2011-01-01,98
2011-01-02,111
2011-01-03,220
2011-01-04,163
2011-01-05,165
2011-01-06,181
2011-01-07,142
2011-01-08,151
2011-01-09,135
2011-01-10,181
2011-01-11,160
2011-01-12,168
2011-01-13,113
2011-01-14,115
2011-01-15,122
2011-01-16,145
2011-01-17,160
2011-01-18,210
2011-01-19,201
2011-01-20,136
2011-01-21,134
2011-01-22,112
2011-01-23,130
2011-01-24,139
2011-01-25,180
2011-01-26,173
2011-01-27,148
2011-01-28,127
2011-01-29,127
2011-01-30,108
2011-01-31,169
2011-02-01,150
2011-02-02,143
2011-02-03,155
2011-02-04,119
2011-02-05,92
2011-02-06,99
2011-02-07,108
2011-02-08,133
2011-02-09,174
2011-02-10,119
2011-02-11,118
2011-02-12,112
2011-02-13,90
2011-02-14,167
2011-02-15,180
2011-02-16,158
2011-02-17,178
2011-02-18,132
2011-02-19,163
2011-02-20,182
2011-02-21,211
2011-02-22,226
2011-02-23,200
2011-02-24,158
2011-02-25,120
2011-02-26,160
2011-02-27,140
2011-02-28,177
2011-03-01,171
2011-03-02,136
2011-03-03,145
2011-03-04,146
2011-03-05,88
2011-03-06,136
2011-03-07,183
2011-03-08,173
2011-03-09,125
2011-03-10,149
2011-03-11,123
2011-03-12,108
2011-03-13,135
2011-03-14,170
2011-03-15,121
2011-03-16,157
2011-03-17,142
2011-03-18,128
2011-03-19,108
2011-03-20,130
2011-03-21,190
2011-03-22,159
2011-03-23,191
2011-03-24,147
2011-03-25,157
2011-03-26,136
2011-03-27,121
2011-03-28,181
2011-03-29,210
2011-03-30,223
2011-03-31,148
2011-04-01,148
2011-04-02,117
2011-04-03,174
2011-04-04,199
2011-04-05,170
2011-04-06,141
2011-04-07,118
2011-04-08,153
2011-04-09,103
2011-04-10,142
2011-04-11,173
2011-04-12,160
2011-04-13,152
2011-04-14,146
2011-04-15,140
2011-04-16,90
2011-04-17,100
2011-04-18,194
2011-04-19,163
2011-04-20,204
2011-04-21,145
2011-04-22,152
2011-04-23,119
2011-04-24,148
2011-04-25,198
2011-04-26,177
2011-04-27,176
2011-04-28,136
2011-04-29,117
2011-04-30,98
2011-05-01,129
2011-05-02,144
2011-05-03,144
2011-05-04,163
2011-05-05,128
2011-05-06,114
2011-05-07,93
2011-05-08,134
2011-05-09,176
2011-05-10,167
2011-05-11,147
2011-05-12,165
2011-05-13,121
2011-05-14,116
2011-05-15,123
2011-05-16,154
2011-05-17,205
2011-05-18,147
2011-05-19,142
2011-05-20,135
2011-05-21,94
2011-05-22,111
2011-05-23,190
2011-05-24,196
2011-05-25,136
2011-05-26,120
2011-05-27,166
2011-05-28,101
2011-05-29,118
2011-05-30,175
2011-05-31,226
2011-06-01,223
2011-06-02,188
2011-06-03,193
2011-06-04,140
2011-06-05,123
2011-06-06,199
2011-06-07,184
2011-06-08,156
2011-06-09,142
2011-06-10,129
2011-06-11,130
2011-06-12,136
2011-06-13,172
2011-06-14,172
2011-06-15,142
2011-06-16,157
2011-06-17,158
2011-06-18,137
2011-06-19,150
2011-06-20,198
2011-06-21,182
2011-06-22,208
2011-06-23,120
2011-06-24,132
2011-06-25,135
2011-06-26,172
2011-06-27,218
2011-06-28,191
2011-06-29,250
2011-06-30,176
2011-07-01,210
2011-07-02,166
2011-07-03,146
2011-07-04,214
2011-07-05,145
2011-07-06,260
2011-07-07,198
2011-07-08,196
2011-07-09,187
2011-07-10,196
2011-07-11,214
2011-07-12,231
2011-07-13,222
2011-07-14,193
2011-07-15,158
2011-07-16,122
2011-07-17,161
2011-07-18,237
2011-07-19,240
2011-07-20,193
2011-07-21,185
2011-07-22,162
2011-07-23,162
2011-07-24,190
2011-07-25,187
2011-07-26,199
2011-07-27,221
2011-07-28,165
2011-07-29,138
2011-07-30,146
2011-07-31,174
2011-08-01,212
2011-08-02,205
2011-08-03,205
2011-08-04,154
2011-08-05,171
2011-08-06,119
2011-08-07,157
2011-08-08,186
2011-08-09,228
2011-08-10,187
2011-08-11,174
2011-08-12,176
2011-08-13,153
2011-08-14,177
2011-08-15,192
2011-08-16,198
2011-08-17,180
2011-08-18,171
2011-08-19,145
2011-08-20,121
2011-08-21,137
2011-08-22,202
2011-08-23,221
2011-08-24,199
2011-08-25,157
2011-08-26,167
2011-08-27,171
2011-08-28,185
2011-08-29,229
2011-08-30,184
2011-08-31,188
2011-09-01,139
2011-09-02,139
2011-09-03,145
2011-09-04,135
2011-09-05,200
2011-09-06,244
2011-09-07,171
2011-09-08,171
2011-09-09,162
2011-09-10,125
2011-09-11,136
2011-09-12,212
2011-09-13,176
2011-09-14,185
2011-09-15,149
2011-09-16,150
2011-09-17,108
2011-09-18,134
2011-09-19,188
2011-09-20,181
2011-09-21,173
2011-09-22,155
2011-09-23,161
2011-09-24,142
2011-09-25,146
2011-09-26,170
2011-09-27,165
2011-09-28,137
2011-09-29,138
2011-09-30,132
2011-10-01,105
2011-10-02,119
2011-10-03,154
2011-10-04,131
2011-10-05,169
2011-10-06,122
2011-10-07,102
2011-10-08,119
2011-10-09,119
2011-10-10,174
2011-10-11,180
2011-10-12,170
2011-10-13,155
2011-10-14,102
2011-10-15,109
2011-10-16,121
2011-10-17,141
2011-10-18,161
2011-10-19,142
2011-10-20,133
2011-10-21,114
2011-10-22,103
2011-10-23,149
2011-10-24,177
2011-10-25,166
2011-10-26,151
2011-10-27,117
2011-10-28,130
2011-10-29,124
2011-10-30,95
2011-10-31,145
2011-11-01,160
2011-11-02,169
2011-11-03,127
2011-11-04,175
2011-11-05,112
2011-11-06,187
2011-11-07,225
2011-11-08,150
2011-11-09,180
2011-11-10,171
2011-11-11,145
2011-11-12,152
2011-11-13,165
2011-11-14,212
2011-11-15,167
2011-11-16,206
2011-11-17,125
2011-11-18,170
2011-11-19,122
2011-11-20,128
2011-11-21,170
2011-11-22,169
2011-11-23,142
2011-11-24,101
2011-11-25,77
2011-11-26,109
2011-11-27,160
2011-11-28,176
2011-11-29,201
2011-11-30,152
2011-12-01,147
2011-12-02,138
2011-12-03,108
2011-12-04,134
2011-12-05,194
2011-12-06,181
2011-12-07,136
2011-12-08,103
2011-12-09,178
2011-12-10,122
2011-12-11,137
2011-12-12,166
2011-12-13,168
2011-12-14,169
2011-12-15,113
2011-12-16,139
2011-12-17,94
2011-12-18,123
2011-12-19,147
2011-12-20,196
2011-12-21,161
2011-12-22,130
2011-12-23,112
2011-12-24,115
2011-12-25,107
2011-12-26,127
2011-12-27,213
2011-12-28,229
2011-12-29,241
2011-12-30,207
2011-12-31,188
2012-01-01,134
2012-01-02,163
2012-01-03,221
2012-01-04,236
2012-01-05,211
2012-01-06,204
2012-01-07,187
2012-01-08,207
2012-01-09,211
2012-01-10,212
2012-01-11,214
2012-01-12,173
2012-01-13,149
2012-01-14,155
2012-01-15,217
2012-01-16,220
2012-01-17,212
2012-01-18,191
2012-01-19,153
2012-01-20,145
2012-01-21,178
2012-01-22,162
2012-01-23,236
2012-01-24,190
2012-01-25,211
2012-01-26,129
2012-01-27,130
2012-01-28,174
2012-01-29,168
2012-01-30,181
2012-01-31,182
2012-02-01,155
2012-02-02,115
2012-02-03,148
2012-02-04,142
2012-02-05,114
2012-02-06,140
2012-02-07,204
2012-02-08,199
2012-02-09,161
2012-02-10,163
2012-02-11,109
2012-02-12,143
2012-02-13,194
2012-02-14,194
2012-02-15,149
2012-02-16,150
2012-02-17,124
2012-02-18,157
2012-02-19,188
2012-02-20,217
2012-02-21,231
2012-02-22,229
2012-02-23,157
2012-02-24,184
2012-02-25,156
2012-02-26,147
2012-02-27,229
2012-02-28,256
2012-02-29,249
2012-03-01,193
2012-03-02,172
2012-03-03,137
2012-03-04,200
2012-03-05,203
2012-03-06,180
2012-03-07,189
2012-03-08,162
2012-03-09,139
2012-03-10,123
2012-03-11,140
2012-03-12,203
2012-03-13,161
2012-03-14,212
2012-03-15,139
2012-03-16,145
2012-03-17,134
2012-03-18,152
2012-03-19,203
2012-03-20,218
2012-03-21,167
2012-03-22,169
2012-03-23,146
2012-03-24,142
2012-03-25,137
2012-03-26,228
2012-03-27,186
2012-03-28,166
2012-03-29,157
2012-03-30,150
2012-03-31,134
2012-04-01,178
2012-04-02,185
2012-04-03,160
2012-04-04,200
2012-04-05,201
2012-04-06,155
2012-04-07,123
2012-04-08,142
2012-04-09,183
2012-04-10,166
2012-04-11,207
2012-04-12,165
2012-04-13,192
2012-04-14,172
2012-04-15,171
2012-04-16,199
2012-04-17,158
2012-04-18,215
2012-04-19,128
2012-04-20,156
2012-04-21,152
2012-04-22,183
2012-04-23,187
2012-04-24,169
2012-04-25,215
2012-04-26,221
2012-04-27,178
2012-04-28,140
2012-04-29,142
2012-04-30,171
2012-05-01,175
2012-05-02,143
2012-05-03,169
2012-05-04,145
2012-05-05,120
2012-05-06,129
2012-05-07,175
2012-05-08,168
2012-05-09,171
2012-05-10,160
2012-05-11,142
2012-05-12,121
2012-05-13,157
2012-05-14,194
2012-05-15,211
2012-05-16,161
2012-05-17,154
2012-05-18,158
2012-05-19,124
2012-05-20,131
2012-05-21,212
2012-05-22,174
2012-05-23,221
2012-05-24,171
2012-05-25,172
2012-05-26,162
2012-05-27,123
2012-05-28,166
2012-05-29,230
2012-05-30,222
2012-05-31,192
2012-06-01,163
2012-06-02,135
2012-06-03,164
2012-06-04,236
2012-06-05,209
2012-06-06,221
2012-06-07,162
2012-06-08,164
2012-06-09,147
2012-06-10,168
2012-06-11,185
2012-06-12,195
2012-06-13,208
2012-06-14,228
2012-06-15,143
2012-06-16,156
2012-06-17,164
2012-06-18,213
2012-06-19,208
2012-06-20,188
2012-06-21,213
2012-06-22,185
2012-06-23,174
2012-06-24,159
2012-06-25,206
2012-06-26,220
2012-06-27,184
2012-06-28,160
2012-06-29,170
2012-06-30,117
2012-07-01,134
2012-07-02,216
2012-07-03,210
2012-07-04,213
2012-07-05,179
2012-07-06,181
2012-07-07,218
2012-07-08,177
2012-07-09,252
2012-07-10,233
2012-07-11,241
2012-07-12,189
2012-07-13,175
2012-07-14,171
2012-07-15,161
2012-07-16,236
2012-07-17,209
2012-07-18,185
2012-07-19,162
2012-07-20,163
2012-07-21,168
2012-07-22,199
2012-07-23,202
2012-07-24,221
2012-07-25,184
2012-07-26,188
2012-07-27,164
2012-07-28,175
2012-07-29,165
2012-07-30,242
2012-07-31,246
2012-08-01,210
2012-08-02,179
2012-08-03,194
2012-08-04,128
2012-08-05,173
2012-08-06,250
2012-08-07,212
2012-08-08,221
2012-08-09,208
2012-08-10,202
2012-08-11,181
2012-08-12,174
2012-08-13,221
2012-08-14,244
2012-08-15,206
2012-08-16,185
2012-08-17,159
2012-08-18,156
2012-08-19,196
2012-08-20,237
2012-08-21,216
2012-08-22,180
2012-08-23,192
2012-08-24,146
2012-08-25,140
2012-08-26,190
2012-08-27,229
2012-08-28,238
2012-08-29,189
2012-08-30,155
2012-08-31,154
2012-09-01,148
2012-09-02,148
2012-09-03,163
2012-09-04,244
2012-09-05,199
2012-09-06,188
2012-09-07,201
2012-09-08,159
2012-09-09,183
2012-09-10,210
2012-09-11,242
2012-09-12,182
2012-09-13,181
2012-09-14,176
2012-09-15,145
2012-09-16,150
2012-09-17,193
2012-09-18,192
2012-09-19,165
2012-09-20,166
2012-09-21,124
2012-09-22,140
2012-09-23,160
2012-09-24,163
2012-09-25,155
2012-09-26,157
2012-09-27,188
2012-09-28,158
2012-09-29,133
2012-09-30,143
2012-10-01,223
2012-10-02,198
2012-10-03,198
2012-10-04,143
2012-10-05,141
2012-10-06,137
2012-10-07,141
2012-10-08,193
2012-10-09,182
2012-10-10,207
2012-10-11,176
2012-10-12,139
2012-10-13,154
2012-10-14,190
2012-10-15,200
2012-10-16,203
2012-10-17,193
2012-10-18,158
2012-10-19,161
2012-10-20,145
2012-10-21,162
2012-10-22,240
2012-10-23,180
2012-10-24,192
2012-10-25,188
2012-10-26,139
2012-10-27,122
2012-10-28,113
2012-10-29,166
2012-10-30,167
2012-10-31,170
2012-11-01,106
2012-11-02,142
2012-11-03,167
2012-11-04,161
2012-11-05,192
2012-11-06,160
2012-11-07,161
2012-11-08,160
2012-11-09,118
2012-11-10,137
2012-11-11,183
2012-11-12,172
2012-11-13,154
2012-11-14,208
2012-11-15,170
2012-11-16,181
2012-11-17,174
2012-11-18,164
2012-11-19,177
2012-11-20,168
2012-11-21,183
2012-11-22,133
2012-11-23,86
2012-11-24,155
2012-11-25,187
2012-11-26,221
2012-11-27,215
2012-11-28,219
2012-11-29,172
2012-11-30,158
2012-12-01,187
2012-12-02,157
2012-12-03,228
2012-12-04,192
2012-12-05,203
2012-12-06,166
2012-12-07,182
2012-12-08,139
2012-12-09,154
2012-12-10,173
2012-12-11,164
2012-12-12,185
2012-12-13,152
2012-12-14,150
2012-12-15,163
2012-12-16,137
2012-12-17,162
2012-12-18,143
2012-12-19,182
2012-12-20,114
2012-12-21,124
2012-12-22,137
2012-12-23,155
2012-12-24,154
2012-12-25,102
2012-12-26,196
2012-12-27,256
2012-12-28,270
2012-12-29,209
2012-12-30,233
2012-12-31,243
2013-01-01,138
2013-01-02,241
2013-01-03,288
2013-01-04,253
2013-01-05,243
2013-01-06,248
2013-01-07,256
2013-01-08,231
2013-01-09,230
2013-01-10,204
2013-01-11,208
2013-01-12,170
2013-01-13,223
2013-01-14,247
2013-01-15,254
2013-01-16,226
2013-01-17,164
2013-01-18,232
2013-01-19,203
2013-01-20,220
2013-01-21,258
2013-01-22,234
2013-01-23,242
2013-01-24,177
2013-01-25,195
2013-01-26,196
2013-01-27,220
2013-01-28,268
2013-01-29,228
2013-01-30,207
2013-01-31,198
2013-02-01,234
2013-02-02,188
2013-02-03,186
2013-02-04,174
2013-02-05,198
2013-02-06,243
2013-02-07,161
2013-02-08,179
2013-02-09,212
2013-02-10,220
2013-02-11,233
2013-02-12,175
2013-02-13,235
2013-02-14,179
2013-02-15,206
2013-02-16,208
2013-02-17,194
2013-02-18,293
2013-02-19,256
2013-02-20,261
2013-02-21,233
2013-02-22,186
2013-02-23,193
2013-02-24,240
2013-02-25,222
2013-02-26,264
2013-02-27,277
2013-02-28,224
2013-03-01,175
2013-03-02,189
2013-03-03,210
2013-03-04,285
2013-03-05,216
2013-03-06,225
2013-03-07,191
2013-03-08,129
2013-03-09,186
2013-03-10,178
2013-03-11,207
2013-03-12,199
2013-03-13,185
2013-03-14,179
2013-03-15,212
2013-03-16,163
2013-03-17,225
2013-03-18,266
2013-03-19,167
2013-03-20,226
2013-03-21,212
2013-03-22,199
2013-03-23,188
2013-03-24,208
2013-03-25,227
2013-03-26,299
2013-03-27,287
2013-03-28,199
2013-03-29,204
2013-03-30,173
2013-03-31,195
2013-04-01,256
2013-04-02,248
2013-04-03,275
2013-04-04,194
2013-04-05,192
2013-04-06,173
2013-04-07,218
2013-04-08,310
2013-04-09,262
2013-04-10,245
2013-04-11,200
2013-04-12,184
2013-04-13,157
2013-04-14,211
2013-04-15,274
2013-04-16,283
2013-04-17,226
2013-04-18,231
2013-04-19,174
2013-04-20,149
2013-04-21,182
2013-04-22,243
2013-04-23,209
2013-04-24,250
2013-04-25,161
2013-04-26,198
2013-04-27,181
2013-04-28,173
2013-04-29,282
2013-04-30,255
2013-05-01,253
2013-05-02,234
2013-05-03,220
2013-05-04,136
2013-05-05,199
2013-05-06,235
2013-05-07,236
2013-05-08,216
2013-05-09,180
2013-05-10,222
2013-05-11,190
2013-05-12,179
2013-05-13,276
2013-05-14,257
2013-05-15,230
2013-05-16,235
2013-05-17,196
2013-05-18,150
2013-05-19,212
2013-05-20,236
2013-05-21,226
2013-05-22,226
2013-05-23,158
2013-05-24,164
2013-05-25,185
2013-05-26,217
2013-05-27,194
2013-05-28,279
2013-05-29,273
2013-05-30,207
2013-05-31,230
2013-06-01,192
2013-06-02,199
2013-06-03,257
2013-06-04,248
2013-06-05,227
2013-06-06,220
2013-06-07,250
2013-06-08,165
2013-06-09,208
2013-06-10,273
2013-06-11,275
2013-06-12,277
2013-06-13,247
2013-06-14,211
2013-06-15,151
2013-06-16,161
2013-06-17,244
2013-06-18,232
2013-06-19,254
2013-06-20,198
2013-06-21,237
2013-06-22,191
2013-06-23,199
2013-06-24,221
2013-06-25,229
2013-06-26,253
2013-06-27,242
2013-06-28,211
2013-06-29,211
2013-06-30,220
2013-07-01,318
2013-07-02,257
2013-07-03,226
2013-07-04,166
2013-07-05,195
2013-07-06,210
2013-07-07,252
2013-07-08,307
2013-07-09,318
2013-07-10,291
2013-07-11,260
2013-07-12,218
2013-07-13,216
2013-07-14,179
2013-07-15,274
2013-07-16,257
2013-07-17,240
2013-07-18,249
2013-07-19,210
2013-07-20,184
2013-07-21,168
2013-07-22,282
2013-07-23,270
2013-07-24,237
2013-07-25,250
2013-07-26,259
2013-07-27,209
2013-07-28,220
2013-07-29,307
2013-07-30,276
2013-07-31,228
2013-08-01,204
2013-08-02,211
2013-08-03,193
2013-08-04,215
2013-08-05,269
2013-08-06,218
2013-08-07,233
2013-08-08,235
2013-08-09,220
2013-08-10,193
2013-08-11,186
2013-08-12,263
2013-08-13,308
2013-08-14,324
2013-08-15,281
2013-08-16,305
2013-08-17,266
2013-08-18,273
2013-08-19,344
2013-08-20,325
2013-08-21,291
2013-08-22,256
2013-08-23,253
2013-08-24,251
2013-08-25,288
2013-08-26,275
2013-08-27,275
2013-08-28,222
2013-08-29,235
2013-08-30,199
2013-08-31,249
2013-09-01,235
2013-09-02,294
2013-09-03,299
2013-09-04,255
2013-09-05,262
2013-09-06,233
2013-09-07,236
2013-09-08,271
2013-09-09,272
2013-09-10,311
2013-09-11,236
2013-09-12,243
2013-09-13,222
2013-09-14,178
2013-09-15,209
2013-09-16,217
2013-09-17,231
2013-09-18,253
2013-09-19,231
2013-09-20,185
2013-09-21,222
2013-09-22,237
2013-09-23,248
2013-09-24,235
2013-09-25,280
2013-09-26,216
2013-09-27,189
2013-09-28,181
2013-09-29,205
2013-09-30,228
2013-10-01,232
2013-10-02,241
2013-10-03,204
2013-10-04,177
2013-10-05,209
2013-10-06,192
2013-10-07,241
2013-10-08,252
2013-10-09,236
2013-10-10,201
2013-10-11,209
2013-10-12,211
2013-10-13,272
2013-10-14,296
2013-10-15,260
2013-10-16,267
2013-10-17,236
2013-10-18,260
2013-10-19,226
2013-10-20,264
2013-10-21,266
2013-10-22,264
2013-10-23,248
2013-10-24,247
2013-10-25,218
2013-10-26,225
2013-10-27,238
2013-10-28,230
2013-10-29,244
2013-10-30,284
2013-10-31,206
2013-11-01,181
2013-11-02,225
2013-11-03,225
2013-11-04,289
2013-11-05,234
2013-11-06,231
2013-11-07,224
2013-11-08,197
2013-11-09,250
2013-11-10,280
2013-11-11,358
2013-11-12,305
2013-11-13,291
2013-11-14,240
2013-11-15,242
2013-11-16,280
2013-11-17,304
2013-11-18,316
2013-11-19,247
2013-11-20,274
2013-11-21,232
2013-11-22,212
2013-11-23,224
2013-11-24,245
2013-11-25,256
2013-11-26,278
2013-11-27,245
2013-11-28,214
2013-11-29,180
2013-11-30,255
2013-12-01,277
2013-12-02,258
2013-12-03,290
2013-12-04,301
2013-12-05,237
2013-12-06,219
2013-12-07,228
2013-12-08,239
2013-12-09,221
2013-12-10,254
2013-12-11,240
2013-12-12,184
2013-12-13,184
2013-12-14,184
2013-12-15,224
2013-12-16,287
2013-12-17,213
2013-12-18,216
2013-12-19,201
2013-12-20,208
2013-12-21,228
2013-12-22,270
2013-12-23,293
2013-12-24,264
2013-12-25,179
2013-12-26,261
2013-12-27,355
2013-12-28,349
2013-12-29,355
2013-12-30,383
2013-12-31,353
2014-01-01,290
2014-01-02,356
2014-01-03,379
2014-01-04,388
2014-01-05,388
2014-01-06,362
2014-01-07,347
2014-01-08,382
2014-01-09,315
2014-01-10,311
2014-01-11,316
2014-01-12,360
2014-01-13,341
2014-01-14,293
2014-01-15,293
2014-01-16,275
2014-01-17,269
2014-01-18,286
2014-01-19,299
2014-01-20,327
2014-01-21,324
2014-01-22,310
2014-01-23,285
2014-01-24,265
2014-01-25,313
2014-01-26,314
2014-01-27,351
2014-01-28,328
2014-01-29,313
2014-01-30,236
2014-01-31,210
2014-02-01,261
2014-02-02,244
2014-02-03,270
2014-02-04,257
2014-02-05,275
2014-02-06,267
2014-02-07,269
2014-02-08,265
2014-02-09,302
2014-02-10,341
2014-02-11,290
2014-02-12,268
2014-02-13,236
2014-02-14,276
2014-02-15,337
2014-02-16,400
2014-02-17,386
2014-02-18,393
2014-02-19,344
2014-02-20,278
2014-02-21,261
2014-02-22,309
2014-02-23,368
2014-02-24,370
2014-02-25,353
2014-02-26,269
2014-02-27,274
2014-02-28,275
2014-03-01,308
2014-03-02,373
2014-03-03,340
2014-03-04,292
2014-03-05,274
2014-03-06,255
2014-03-07,251
2014-03-08,270
2014-03-09,299
2014-03-10,328
2014-03-11,317
2014-03-12,260
2014-03-13,236
2014-03-14,255
2014-03-15,299
2014-03-16,336
2014-03-17,380
2014-03-18,292
2014-03-19,297
2014-03-20,306
2014-03-21,274
2014-03-22,342
2014-03-23,322
2014-03-24,339
2014-03-25,317
2014-03-26,321
2014-03-27,371
2014-03-28,283
2014-03-29,311
2014-03-30,361
2014-03-31,389
2014-04-01,339
2014-04-02,300
2014-04-03,290
2014-04-04,289
2014-04-05,332
2014-04-06,317
2014-04-07,359
2014-04-08,347
2014-04-09,288
2014-04-10,323
2014-04-11,216
2014-04-12,287
2014-04-13,344
2014-04-14,322
2014-04-15,345
2014-04-16,342
2014-04-17,343
2014-04-18,309
2014-04-19,343
2014-04-20,363
2014-04-21,339
2014-04-22,290
2014-04-23,357
2014-04-24,322
2014-04-25,283
2014-04-26,369
2014-04-27,338
2014-04-28,326
2014-04-29,335
2014-04-30,342
2014-05-01,297
2014-05-02,256
2014-05-03,292
2014-05-04,345
2014-05-05,344
2014-05-06,294
2014-05-07,359
2014-05-08,281
2014-05-09,282
2014-05-10,280
2014-05-11,299
2014-05-12,351
2014-05-13,374
2014-05-14,337
2014-05-15,328
2014-05-16,277
2014-05-17,299
2014-05-18,305
2014-05-19,312
2014-05-20,323
2014-05-21,294
2014-05-22,252
2014-05-23,273
2014-05-24,293
2014-05-25,377
2014-05-26,347
2014-05-27,379
2014-05-28,325
2014-05-29,304
2014-05-30,313
2014-05-31,332
2014-06-01,384
2014-06-02,384
2014-06-03,347
2014-06-04,278
2014-06-05,280
2014-06-06,271
2014-06-07,305
2014-06-08,358
2014-06-09,367
2014-06-10,339
2014-06-11,344
2014-06-12,307
2014-06-13,266
2014-06-14,312
2014-06-15,346
2014-06-16,404
2014-06-17,349
2014-06-18,373
2014-06-19,334
2014-06-20,348
2014-06-21,321
2014-06-22,351
2014-06-23,383
2014-06-24,417
2014-06-25,362
2014-06-26,432
2014-06-27,365
2014-06-28,373
2014-06-29,421
2014-06-30,414
2014-07-01,420
2014-07-02,435
2014-07-03,385
2014-07-04,330
2014-07-05,367
2014-07-06,447
2014-07-07,490
2014-07-08,382
2014-07-09,403
2014-07-10,333
2014-07-11,343
2014-07-12,370
2014-07-13,425
2014-07-14,437
2014-07-15,432
2014-07-16,463
2014-07-17,412
2014-07-18,365
2014-07-19,408
2014-07-20,442
2014-07-21,462
2014-07-22,376
2014-07-23,399
2014-07-24,360
2014-07-25,347
2014-07-26,401
2014-07-27,425
2014-07-28,451
2014-07-29,448
2014-07-30,375
2014-07-31,314
2014-08-01,396
2014-08-02,395
2014-08-03,409
2014-08-04,384
2014-08-05,403
2014-08-06,409
2014-08-07,340
2014-08-08,373
2014-08-09,382
2014-08-10,454
2014-08-11,398
2014-08-12,404
2014-08-13,414
2014-08-14,384
2014-08-15,348
2014-08-16,392
2014-08-17,401
2014-08-18,393
2014-08-19,370
2014-08-20,366
2014-08-21,335
2014-08-22,315
2014-08-23,370
2014-08-24,455
2014-08-25,362
2014-08-26,341
2014-08-27,381
2014-08-28,328
2014-08-29,357
2014-08-30,385
2014-08-31,496
2014-09-01,428
2014-09-02,437
2014-09-03,408
2014-09-04,356
2014-09-05,323
2014-09-06,364
2014-09-07,397
2014-09-08,358
2014-09-09,348
2014-09-10,332
2014-09-11,316
2014-09-12,269
2014-09-13,355
2014-09-14,364
2014-09-15,369
2014-09-16,331
2014-09-17,325
2014-09-18,336
2014-09-19,329
2014-09-20,340
2014-09-21,390
2014-09-22,389
2014-09-23,309
2014-09-24,349
2014-09-25,285
2014-09-26,292
2014-09-27,318
2014-09-28,344
2014-09-29,380
2014-09-30,274
2014-10-01,298
2014-10-02,316
2014-10-03,282
2014-10-04,374
2014-10-05,356
2014-10-06,354
2014-10-07,281
2014-10-08,295
2014-10-09,309
2014-10-10,316
2014-10-11,346
2014-10-12,329
2014-10-13,363
2014-10-14,298
2014-10-15,347
2014-10-16,275
2014-10-17,322
2014-10-18,282
2014-10-19,405
2014-10-20,359
2014-10-21,371
2014-10-22,320
2014-10-23,356
2014-10-24,309
2014-10-25,332
2014-10-26,380
2014-10-27,344
2014-10-28,269
2014-10-29,308
2014-10-30,276
2014-10-31,278
2014-11-01,282
2014-11-02,361
2014-11-03,317
2014-11-04,337
2014-11-05,318
2014-11-06,279
2014-11-07,306
2014-11-08,386
2014-11-09,418
2014-11-10,374
2014-11-11,372
2014-11-12,352
2014-11-13,303
2014-11-14,301
2014-11-15,354
2014-11-16,375
2014-11-17,336
2014-11-18,340
2014-11-19,363
2014-11-20,288
2014-11-21,281
2014-11-22,324
2014-11-23,345
2014-11-24,359
2014-11-25,343
2014-11-26,333
2014-11-27,261
2014-11-28,225
2014-11-29,418
2014-11-30,392
2014-12-01,352
2014-12-02,289
2014-12-03,303
2014-12-04,277
2014-12-05,247
2014-12-06,353
2014-12-07,337
2014-12-08,319
2014-12-09,322
2014-12-10,264
2014-12-11,286
2014-12-12,227
2014-12-13,301
2014-12-14,295
2014-12-15,305
2014-12-16,317
2014-12-17,256
2014-12-18,283
2014-12-19,253
2014-12-20,321
2014-12-21,379
2014-12-22,395
2014-12-23,393
2014-12-24,312
2014-12-25,279
2014-12-26,370
2014-12-27,482
2014-12-28,605
2014-12-29,597
2014-12-30,569
2014-12-31,488
2015-01-01,338
2015-01-02,527
2015-01-03,495
2015-01-04,504
2015-01-05,483
2015-01-06,482
2015-01-07,430
2015-01-08,405
2015-01-09,427
2015-01-10,376
2015-01-11,466
2015-01-12,397
2015-01-13,365
2015-01-14,347
2015-01-15,351
2015-01-16,340
2015-01-17,408
2015-01-18,437
2015-01-19,515
2015-01-20,397
2015-01-21,345
2015-01-22,345
2015-01-23,406
2015-01-24,439
2015-01-25,465
2015-01-26,415
2015-01-27,375
2015-01-28,387
2015-01-29,345
2015-01-30,353
2015-01-31,355
2015-02-01,441
2015-02-02,342
2015-02-03,394
2015-02-04,333
2015-02-05,330
2015-02-06,299
2015-02-07,373
2015-02-08,449
2015-02-09,419
2015-02-10,371
2015-02-11,371
2015-02-12,345
2015-02-13,339
2015-02-14,437
2015-02-15,556
2015-02-16,549
2015-02-17,472
2015-02-18,415
2015-02-19,433
2015-02-20,415
2015-02-21,458
2015-02-22,519
2015-02-23,419
2015-02-24,362
2015-02-25,421
2015-02-26,307
2015-02-27,351
2015-02-28,433
2015-03-01,466
2015-03-02,500
2015-03-03,367
2015-03-04,422
2015-03-05,345
2015-03-06,336
2015-03-07,427
2015-03-08,457
2015-03-09,455
2015-03-10,387
2015-03-11,368
2015-03-12,398
2015-03-13,362
2015-03-14,413
2015-03-15,464
2015-03-16,434
2015-03-17,391
2015-03-18,368
2015-03-19,370
2015-03-20,345
2015-03-21,391
2015-03-22,483
2015-03-23,418
2015-03-24,396
2015-03-25,418
2015-03-26,413
2015-03-27,341
2015-03-28,421
2015-03-29,451
2015-03-30,451
2015-03-31,444
2015-04-01,429
2015-04-02,438
2015-04-03,410
2015-04-04,452
2015-04-05,425
2015-04-06,467
2015-04-07,418
2015-04-08,442
2015-04-09,411
2015-04-10,378
2015-04-11,423
2015-04-12,492
2015-04-13,471
2015-04-14,426
2015-04-15,468
2015-04-16,366
2015-04-17,381
2015-04-18,383
2015-04-19,498
2015-04-20,438
2015-04-21,414
2015-04-22,418
2015-04-23,331
2015-04-24,369
2015-04-25,449
2015-04-26,499
2015-04-27,442
2015-04-28,393
2015-04-29,395
2015-04-30,393
2015-05-01,353
2015-05-02,320
2015-05-03,291
2015-05-04,360
2015-05-05,347
2015-05-06,360
2015-05-07,367
2015-05-08,385
2015-05-09,393
2015-05-10,452
2015-05-11,513
2015-05-12,427
2015-05-13,424
2015-05-14,418
2015-05-15,391
2015-05-16,397
2015-05-17,477
2015-05-18,488
2015-05-19,374
2015-05-20,381
2015-05-21,376
2015-05-22,360
2015-05-23,381
2015-05-24,519
2015-05-25,575
2015-05-26,517
2015-05-27,418
2015-05-28,442
2015-05-29,422
2015-05-30,489
2015-05-31,487
2015-06-01,514
2015-06-02,424
2015-06-03,447
2015-06-04,391
2015-06-05,369
2015-06-06,412
2015-06-07,509
2015-06-08,459
2015-06-09,430
2015-06-10,467
2015-06-11,445
2015-06-12,385
2015-06-13,444
2015-06-14,452
2015-06-15,479
2015-06-16,428
2015-06-17,422
2015-06-18,412
2015-06-19,453
2015-06-20,422
2015-06-21,475
2015-06-22,507
2015-06-23,573
2015-06-24,500
2015-06-25,491
2015-06-26,481
2015-06-27,530
2015-06-28,574
2015-06-29,574
2015-06-30,447
2015-07-01,470
2015-07-02,424
2015-07-03,465
2015-07-04,524
2015-07-05,469
2015-07-06,557
2015-07-07,518
2015-07-08,459
2015-07-09,474
2015-07-10,451
2015-07-11,499
2015-07-12,507
2015-07-13,564
2015-07-14,472
2015-07-15,485
2015-07-16,478
2015-07-17,452
2015-07-18,541
2015-07-19,602
2015-07-20,544
2015-07-21,473
2015-07-22,480
2015-07-23,474
2015-07-24,465
2015-07-25,494
2015-07-26,577
2015-07-27,557
2015-07-28,528
2015-07-29,529
2015-07-30,546
2015-07-31,422
2015-08-01,530
2015-08-02,536
2015-08-03,488
2015-08-04,442
2015-08-05,436
2015-08-06,421
2015-08-07,469
2015-08-08,506
2015-08-09,525
2015-08-10,550
2015-08-11,449
2015-08-12,457
2015-08-13,473
2015-08-14,461
2015-08-15,461
2015-08-16,489
2015-08-17,497
2015-08-18,475
2015-08-19,473
2015-08-20,417
2015-08-21,423
2015-08-22,480
2015-08-23,532
2015-08-24,495
2015-08-25,447
2015-08-26,371
2015-08-27,413
2015-08-28,428
2015-08-29,489
2015-08-30,561
2015-08-31,463
2015-09-01,399
2015-09-02,362
2015-09-03,344
2015-09-04,437
2015-09-05,472
2015-09-06,490
2015-09-07,566
2015-09-08,460
2015-09-09,402
2015-09-10,406
2015-09-11,414
2015-09-12,438
2015-09-13,481
2015-09-14,416
2015-09-15,423
2015-09-16,415
2015-09-17,388
2015-09-18,389
2015-09-19,464
2015-09-20,516
2015-09-21,426
2015-09-22,409
2015-09-23,440
2015-09-24,407
2015-09-25,384
2015-09-26,466
2015-09-27,508
2015-09-28,536
2015-09-29,374
2015-09-30,398
2015-10-01,348
2015-10-02,343
2015-10-03,454
2015-10-04,472
2015-10-05,418
2015-10-06,406
2015-10-07,373
2015-10-08,367
2015-10-09,388
2015-10-10,478
2015-10-11,489
2015-10-12,470
2015-10-13,425
2015-10-14,420
2015-10-15,409
2015-10-16,403
2015-10-17,462
2015-10-18,527
2015-10-19,464
2015-10-20,417
2015-10-21,405
2015-10-22,389
2015-10-23,343
2015-10-24,485
2015-10-25,463
2015-10-26,414
2015-10-27,367
2015-10-28,405
2015-10-29,404
2015-10-30,332
2015-10-31,402
2015-11-01,423
2015-11-02,448
2015-11-03,408
2015-11-04,385
2015-11-05,350
2015-11-06,335
2015-11-07,451
2015-11-08,525
2015-11-09,448
2015-11-10,411
2015-11-11,409
2015-11-12,414
2015-11-13,401
2015-11-14,439
2015-11-15,486
2015-11-16,447
2015-11-17,402
2015-11-18,355
2015-11-19,335
2015-11-20,356
2015-11-21,460
2015-11-22,451
2015-11-23,466
2015-11-24,419
2015-11-25,440
2015-11-26,304
2015-11-27,364
2015-11-28,469
2015-11-29,528
2015-11-30,470
2015-12-01,379
2015-12-02,377
2015-12-03,314
2015-12-04,345
2015-12-05,398
2015-12-06,394
2015-12-07,367
2015-12-08,351
2015-12-09,378
2015-12-10,349
2015-12-11,313
2015-12-12,330
2015-12-13,417
2015-12-14,386
2015-12-15,358
2015-12-16,349
2015-12-17,384
2015-12-18,317
2015-12-19,376
2015-12-20,418
2015-12-21,400
2015-12-22,398
2015-12-23,417
2015-12-24,400
2015-12-25,371
2015-12-26,489
2015-12-27,637
2015-12-28,626
2015-12-29,632
2015-12-30,600
2015-12-31,588
2016-01-01,486
2016-01-02,627
2016-01-03,610
2016-01-04,580
2016-01-05,469
2016-01-06,459
2016-01-07,459
2016-01-08,451
2016-01-09,545
2016-01-10,547
2016-01-11,429
2016-01-12,423
2016-01-13,409
2016-01-14,371
2016-01-15,367
2016-01-16,478
2016-01-17,593
2016-01-18,596
2016-01-19,485
2016-01-20,428
2016-01-21,410
2016-01-22,442
2016-01-23,532
2016-01-24,581
2016-01-25,496
2016-01-26,406
2016-01-27,381
2016-01-28,422
2016-01-29,449
2016-01-30,570
2016-01-31,572
2016-02-01,567
2016-02-02,452
2016-02-03,420
2016-02-04,443
2016-02-05,428
2016-02-06,448
2016-02-07,517
2016-02-08,441
2016-02-09,402
2016-02-10,424
2016-02-11,368
2016-02-12,441
2016-02-13,518
2016-02-14,613
2016-02-15,657
2016-02-16,519
2016-02-17,450
2016-02-18,461
2016-02-19,434
2016-02-20,518
2016-02-21,635
2016-02-22,528
2016-02-23,459
2016-02-24,399
2016-02-25,430
2016-02-26,441
2016-02-27,499
2016-02-28,592
2016-02-29,544
2016-03-01,462
2016-03-02,439
2016-03-03,444
2016-03-04,463
2016-03-05,480
2016-03-06,574
2016-03-07,539
2016-03-08,441
2016-03-09,410
2016-03-10,401
2016-03-11,410
2016-03-12,498
2016-03-13,584
2016-03-14,490
2016-03-15,485
2016-03-16,428
2016-03-17,404
2016-03-18,383
2016-03-19,481
2016-03-20,583
2016-03-21,542
2016-03-22,459
2016-03-23,507
2016-03-24,480
2016-03-25,504
2016-03-26,529
2016-03-27,565
2016-03-28,535
2016-03-29,484
2016-03-30,517
2016-03-31,497
2016-04-01,488
2016-04-02,599
2016-04-03,582
2016-04-04,476
2016-04-05,482
2016-04-06,434
2016-04-07,395
2016-04-08,410
2016-04-09,543
2016-04-10,579
2016-04-11,563
2016-04-12,489
2016-04-13,423
2016-04-14,408
2016-04-15,464
2016-04-16,535
2016-04-17,560
2016-04-18,531
2016-04-19,457
2016-04-20,437
2016-04-21,391
2016-04-22,442
2016-04-23,528
2016-04-24,582
2016-04-25,532
2016-04-26,461
2016-04-27,438
2016-04-28,467
2016-04-29,412
2016-04-30,545
2016-05-01,598
2016-05-02,499
2016-05-03,484
2016-05-04,409
2016-05-05,370
2016-05-06,471
2016-05-07,456
2016-05-08,536
2016-05-09,471
2016-05-10,374
2016-05-11,402
2016-05-12,454
2016-05-13,438
2016-05-14,470
2016-05-15,563
2016-05-16,497
2016-05-17,418
2016-05-18,476
2016-05-19,439
2016-05-20,409
2016-05-21,480
2016-05-22,566
2016-05-23,455
2016-05-24,502
2016-05-25,445
2016-05-26,454
2016-05-27,465
2016-05-28,515
2016-05-29,595
2016-05-30,575
2016-05-31,562
2016-06-01,534
2016-06-02,471
2016-06-03,453
2016-06-04,482
2016-06-05,557
2016-06-06,560
2016-06-07,458
2016-06-08,460
2016-06-09,431
2016-06-10,415
2016-06-11,506
2016-06-12,561
2016-06-13,589
2016-06-14,564
2016-06-15,442
2016-06-16,516
2016-06-17,520
2016-06-18,484
2016-06-19,561
2016-06-20,557
2016-06-21,570
2016-06-22,567
2016-06-23,456
2016-06-24,501
2016-06-25,577
2016-06-26,636
2016-06-27,576
2016-06-28,527
2016-06-29,542
2016-06-30,515
2016-07-01,566
2016-07-02,568
2016-07-03,625
2016-07-04,563
2016-07-05,569
2016-07-06,585
2016-07-07,526
2016-07-08,536
2016-07-09,562
2016-07-10,585
2016-07-11,549
2016-07-12,464
2016-07-13,545
2016-07-14,489
2016-07-15,555
2016-07-16,628
2016-07-17,618
2016-07-18,509
2016-07-19,516
2016-07-20,466
2016-07-21,453
2016-07-22,468
2016-07-23,484
2016-07-24,579
2016-07-25,514
2016-07-26,465
2016-07-27,472
2016-07-28,531
2016-07-29,444
2016-07-30,591
2016-07-31,631
2016-08-01,520
2016-08-02,467
2016-08-03,509
2016-08-04,505
2016-08-05,501
2016-08-06,568
2016-08-07,598
2016-08-08,612
2016-08-09,521
2016-08-10,492
2016-08-11,437
2016-08-12,515
2016-08-13,468
2016-08-14,620
2016-08-15,515
2016-08-16,479
2016-08-17,431
2016-08-18,453
2016-08-19,469
2016-08-20,506
2016-08-21,557
2016-08-22,496
2016-08-23,491
2016-08-24,467
2016-08-25,409
2016-08-26,460
2016-08-27,504
2016-08-28,581
2016-08-29,537
2016-08-30,406
2016-08-31,396
2016-09-01,414
2016-09-02,435
2016-09-03,509
2016-09-04,633
2016-09-05,543
2016-09-06,472
2016-09-07,451
2016-09-08,424
2016-09-09,396
2016-09-10,495
2016-09-11,542
2016-09-12,445
2016-09-13,389
2016-09-14,391
2016-09-15,393
2016-09-16,461
2016-09-17,499
2016-09-18,534
2016-09-19,458
2016-09-20,364
2016-09-21,402
2016-09-22,353
2016-09-23,423
2016-09-24,473
2016-09-25,511
2016-09-26,431
2016-09-27,417
2016-09-28,430
2016-09-29,379
2016-09-30,375
2016-10-01,467
2016-10-02,465
2016-10-03,454
2016-10-04,408
2016-10-05,370
2016-10-06,383
2016-10-07,355
2016-10-08,468
2016-10-09,538
2016-10-10,451
2016-10-11,423
2016-10-12,382
2016-10-13,378
2016-10-14,395
2016-10-15,512
2016-10-16,508
2016-10-17,520
2016-10-18,392
2016-10-19,404
2016-10-20,374
2016-10-21,424
2016-10-22,490
2016-10-23,575
2016-10-24,439
2016-10-25,429
2016-10-26,392
2016-10-27,399
2016-10-28,444
2016-10-29,444
2016-10-30,486
2016-10-31,447
2016-11-01,346
2016-11-02,364
2016-11-03,405
2016-11-04,381
2016-11-05,480
2016-11-06,495
2016-11-07,471
2016-11-08,396
2016-11-09,308
2016-11-10,333
2016-11-11,415
2016-11-12,444
2016-11-13,483
2016-11-14,488
2016-11-15,432
2016-11-16,386
2016-11-17,400
2016-11-18,435
2016-11-19,416
2016-11-20,509
2016-11-21,515
2016-11-22,456
2016-11-23,355
2016-11-24,370
2016-11-25,280
2016-11-26,534
2016-11-27,596
2016-11-28,480
2016-11-29,408
2016-11-30,446
2016-12-01,387
2016-12-02,357
2016-12-03,408
2016-12-04,542
2016-12-05,478
2016-12-06,407
2016-12-07,362
2016-12-08,413
2016-12-09,360
2016-12-10,426
2016-12-11,460
2016-12-12,433
2016-12-13,380
2016-12-14,386
2016-12-15,379
2016-12-16,387
2016-12-17,433
2016-12-18,481
2016-12-19,438
2016-12-20,470
2016-12-21,466
2016-12-22,472
2016-12-23,431
2016-12-24,419
2016-12-25,382
2016-12-26,486
2016-12-27,618
2016-12-28,619
2016-12-29,645
2016-12-30,651
2016-12-31,619
2017-01-01,455
2017-01-02,611
2017-01-03,528
2017-01-04,546
2017-01-05,493
2017-01-06,506
2017-01-07,553
2017-01-08,641
2017-01-09,540
2017-01-10,450
2017-01-11,375
2017-01-12,412
2017-01-13,445
2017-01-14,578
2017-01-15,606
2017-01-16,590
2017-01-17,521
2017-01-18,460
2017-01-19,444
2017-01-20,451
2017-01-21,534
2017-01-22,544
2017-01-23,535
2017-01-24,463
2017-01-25,429
2017-01-26,412
2017-01-27,400
2017-01-28,541
2017-01-29,579
2017-01-30,470
2017-01-31,523
2017-02-01,441
2017-02-02,418
2017-02-03,411
2017-02-04,528
2017-02-05,497
2017-02-06,378
2017-02-07,415
2017-02-08,438
2017-02-09,434
2017-02-10,478
2017-02-11,545
2017-02-12,629
2017-02-13,509
2017-02-14,400
2017-02-15,562
2017-02-16,480
2017-02-17,481
2017-02-18,603
2017-02-19,658
2017-02-20,639
2017-02-21,507
2017-02-22,484
2017-02-23,480
2017-02-24,475
2017-02-25,565
2017-02-26,604
2017-02-27,562
2017-02-28,455
2017-03-01,441
2017-03-02,398
2017-03-03,439
2017-03-04,547
2017-03-05,597
2017-03-06,558
2017-03-07,416
2017-03-08,491
2017-03-09,389
2017-03-10,429
2017-03-11,510
2017-03-12,609
2017-03-13,571
2017-03-14,439
2017-03-15,454
2017-03-16,417
2017-03-17,426
2017-03-18,485
2017-03-19,618
2017-03-20,572
2017-03-21,502
2017-03-22,487
2017-03-23,476
2017-03-24,433
2017-03-25,585
2017-03-26,636
2017-03-27,564
2017-03-28,514
2017-03-29,537
2017-03-30,560
2017-03-31,515
2017-04-01,546
2017-04-02,631
2017-04-03,598
2017-04-04,475
2017-04-05,444
2017-04-06,494
2017-04-07,588
2017-04-08,624
2017-04-09,623
2017-04-10,612
2017-04-11,515
2017-04-12,471
2017-04-13,487
2017-04-14,504
2017-04-15,618
2017-04-16,596
2017-04-17,586
2017-04-18,506
2017-04-19,521
2017-04-20,483
2017-04-21,496
2017-04-22,564
2017-04-23,604
2017-04-24,565
2017-04-25,471
2017-04-26,458
2017-04-27,503
2017-04-28,485
2017-04-29,618
2017-04-30,630
2017-05-01,559
2017-05-02,528
2017-05-03,491
2017-05-04,508
2017-05-05,493
2017-05-06,511
2017-05-07,616
2017-05-08,510
2017-05-09,423
2017-05-10,457
2017-05-11,473
2017-05-12,488
2017-05-13,561
2017-05-14,590
2017-05-15,589
2017-05-16,550
2017-05-17,462
2017-05-18,485
2017-05-19,464
2017-05-20,497
2017-05-21,613
2017-05-22,533
2017-05-23,463
2017-05-24,442
2017-05-25,443
2017-05-26,476
2017-05-27,584
2017-05-28,621
2017-05-29,616
2017-05-30,607
2017-05-31,570
2017-06-01,500
2017-06-02,468
2017-06-03,523
2017-06-04,554
2017-06-05,551
2017-06-06,525
2017-06-07,435
2017-06-08,388
2017-06-09,640
2017-06-10,584
2017-06-11,652
2017-06-12,569
2017-06-13,495
2017-06-14,458
2017-06-15,460
2017-06-16,533
2017-06-17,588
2017-06-18,614
2017-06-19,576
2017-06-20,608
2017-06-21,517
2017-06-22,568
2017-06-23,552
2017-06-24,636
2017-06-25,659
2017-06-26,643
2017-06-27,589
2017-06-28,524
2017-06-29,562
2017-06-30,615
2017-07-01,594
2017-07-02,648
2017-07-03,646
2017-07-04,613
2017-07-05,558
2017-07-06,583
2017-07-07,549
2017-07-08,650
2017-07-09,655
2017-07-10,642
2017-07-11,562
2017-07-12,534
2017-07-13,540
2017-07-14,656
2017-07-15,622
2017-07-16,660
2017-07-17,638
2017-07-18,580
2017-07-19,491
2017-07-20,556
2017-07-21,531
2017-07-22,595
2017-07-23,654
2017-07-24,591
2017-07-25,563
2017-07-26,562
2017-07-27,566
2017-07-28,537
2017-07-29,645
2017-07-30,661
2017-07-31,618
2017-08-01,575
2017-08-02,560
2017-08-03,466
2017-08-04,481
2017-08-05,591
2017-08-06,653
2017-08-07,596
2017-08-08,567
2017-08-09,526
2017-08-10,536
2017-08-11,541
2017-08-12,662
2017-08-13,653
2017-08-14,604
2017-08-15,587
2017-08-16,553
2017-08-17,513
2017-08-18,486
2017-08-19,581
2017-08-20,605
2017-08-21,518
2017-08-22,500
2017-08-23,500
2017-08-24,490
2017-08-25,533
2017-08-26,553
2017-08-27,511
2017-08-28,572
2017-08-29,485
2017-08-30,518
2017-08-31,459
2017-09-01,480
2017-09-02,532
2017-09-03,644
2017-09-04,640
2017-09-05,551
2017-09-06,649
2017-09-07,546
2017-09-08,502
2017-09-09,579
2017-09-10,618
2017-09-11,576
2017-09-12,516
2017-09-13,515
2017-09-14,483
2017-09-15,495
2017-09-16,540
2017-09-17,601
2017-09-18,526
2017-09-19,531
2017-09-20,482
2017-09-21,458
2017-09-22,482
2017-09-23,524
2017-09-24,612
2017-09-25,555
2017-09-26,478
2017-09-27,468
2017-09-28,455
2017-09-29,544
2017-09-30,574
2017-10-01,614
2017-10-02,389
2017-10-03,371
2017-10-04,370
2017-10-05,411
2017-10-06,429
2017-10-07,507
2017-10-08,647
2017-10-09,652
2017-10-10,469
2017-10-11,472
2017-10-12,439
2017-10-13,443
2017-10-14,591
2017-10-15,600
2017-10-16,548
2017-10-17,459
2017-10-18,481
2017-10-19,500
2017-10-20,455
2017-10-21,574
2017-10-22,627
2017-10-23,556
2017-10-24,470
2017-10-25,409
2017-10-26,471
2017-10-27,444
2017-10-28,519
2017-10-29,573
2017-10-30,449
2017-10-31,407
2017-11-01,365
2017-11-02,418
2017-11-03,508
2017-11-04,553
2017-11-05,607
2017-11-06,519
2017-11-07,617
2017-11-08,448
2017-11-09,458
2017-11-10,495
2017-11-11,614
2017-11-12,611
2017-11-13,543
2017-11-14,511
2017-11-15,472
2017-11-16,463
2017-11-17,462
2017-11-18,536
2017-11-19,580
2017-11-20,534
2017-11-21,518
2017-11-22,523
2017-11-23,417
2017-11-24,424
2017-11-25,634
2017-11-26,637
2017-11-27,587
2017-11-28,533
2017-11-29,453
2017-11-30,448
2017-12-01,450
2017-12-02,522
2017-12-03,543
2017-12-04,473
2017-12-05,479
2017-12-06,540
2017-12-07,432
2017-12-08,496
2017-12-09,594
2017-12-10,600
2017-12-11,323
